t,name,sector,region,role,moneda,fx_a_capital,precio,ma50,ma200,sobre_ma50,sobre_ma200,dist_max52_pct,atr14,atr_pct,stop_estructural,stop_atr,stop,stop_dist_pct,cabe,sesgo_sector,conflicto,riesgo_pct,riesgo_eur,acciones,importe,importe_pct,rel_1m,rel_3m,etf,resultados,dias_a_resultados,ventana_resultados
XOM,ExxonMobil,Energía,US,bellwether,USD,1.0,168.5,161.0880325317383,148.6727110671997,True,True,-0.4842944063004784,3.5464259556361606,2.1047038312380772,155.85000610351562,161.40714808872767,161.40714808872767,4.2094076624761625,True,1,False,0.5,5000.0,296,49876.0,4.9876,2.1134306664966074,2.963437344101205,XLE,,,False
CVX,Chevron,Energía,US,rep,USD,1.0,211.5500030517578,203.40615234375,185.40626708984374,True,True,-2.856224961506193,4.269286019461496,2.01809782929522,200.77999877929688,203.01143101283483,203.01143101283483,4.036195658590434,True,1,False,0.5,5000.0,236,49925.800720214844,4.992580072021484,-1.5435948596368099,1.8229925464672263,XLE,,,False
SHEL.L,Shell,Energía,EU,bellwether,GBP,1.3238544464111328,37.21,34.772978564453126,31.900219787597656,True,True,-1.5738658907551883,0.7357041713169643,1.9771678885164317,34.45,35.73859165736607,35.73859165736607,3.9543357770328633,True,1,False,0.5,5000.0,1015,49999.53331022263,4.9999533310222635,3.677221699647948,8.108680293597638,EXH1.DE,,,False
TTE.PA,TotalEnergies,Energía,EU,rep,EUR,1.1223344802856445,76.66999816894531,76.2584407043457,70.56645273208618,True,True,-4.301280472672708,1.815731260789695,2.368242212277951,73.44999694824219,73.03853564736592,73.44999694824219,4.199819091697026,True,1,False,0.5,5000.0,581,49994.69126064629,4.9994691260646285,-2.6853508781869873,-2.6485647436825133,EXH1.DE,,,False
REP.MC,Repsol,Energía,EU,rep,EUR,1.1223344802856445,29.399999618530273,28.166599998474123,22.436041278839113,True,True,-6.78503879162392,1.0342859540666853,3.51797948124732,27.799999237060547,27.331427710396902,27.799999237060547,5.4421782388775135,True,1,False,0.5,5000.0,1515,49989.8994377759,4.99898994377759,0.05087944879402784,9.103130333531317,EXH1.DE,,,False
COP,ConocoPhillips,Energía,US,rep,USD,1.0,134.19000244140625,128.88498275756837,116.14272548675537,True,True,-4.978047527637508,3.209287370954241,2.3915994579071334,123.45999908447266,127.77142769949776,127.77142769949776,4.78319891581427,True,1,False,0.5,5000.0,372,49918.680908203125,4.991868090820312,-2.200490544728284,4.735817368443527,XLE,,,False
EQNR.OL,Equinor,Energía,EU,rep,NOK,0.10453537106513977,407.5,398.1523150634766,336.56478172302246,True,True,-3.8461510765619655,10.807139805385045,2.6520588479472504,389.6000061035156,385.8857203892299,389.6000061035156,4.39263653901457,True,1,False,0.5,5000.0,1173,49967.64603070915,4.996764603070915,-3.1665067430365457,5.724780668105845,EXH1.DE,,,False
VLO,Valero,Energía,US,rep,USD,1.0,443.79998779296875,365.0367999267578,264.2089771270752,True,True,0.0,17.753577096121653,4.000355471934721,364.9599914550781,408.29283360072543,408.29283360072543,8.000710943869446,False,1,False,0.5,5000.0,0,0.0,0.0,13.615478774566014,39.57147451324536,XLE,,,False
NESTE.HE,Neste,Energía,EU,rep,EUR,1.1223344802856445,31.850000381469727,32.032199935913084,27.25309000968933,False,True,-11.083191924002545,1.2549992970057897,3.9403431145198544,31.15999984741211,29.340001787458146,31.15999984741211,2.16640667439068,True,1,False,0.5,5000.0,1398,49973.4023680777,4.99734023680777,-5.128882351563968,-9.174944715856537,EXH1.DE,,,False
SLB,SLB (Schlumberger),Energía,US,rep,USD,1.0,48.97999954223633,52.671429748535154,50.298067588806155,False,False,-18.07962967370016,1.5321426391601562,3.128098516699581,47.650001525878906,45.915714263916016,47.650001525878906,2.7153900138576783,True,1,False,0.5,5000.0,1020,49959.599533081055,4.995959953308105,-14.632070250364904,-16.063370095712838,XLE,,,False
TE.PA,Technip Energies,Energía,EU,rep,EUR,1.1223344802856445,28.760000228881836,29.66279998779297,33.1235053730011,False,False,-28.08486988286606,0.6728571483067104,2.3395589115155944,27.860000610351562,27.414285932268417,27.860000610351562,3.1293449630311936,True,1,False,0.5,5000.0,1549,49999.14852043063,4.999914852043063,-2.608224684592364,-24.382152061979887,EXH1.DE,,,False
KMI,Kinder Morgan,Energía,US,rep,USD,1.0,32.25,31.453176383972167,31.183423280715942,True,True,-5.125503444051649,0.6900001253400531,2.1395352723722576,29.43000030517578,30.869999749319895,30.869999749319895,4.279070544744512,True,1,False,0.5,5000.0,1550,49987.5,4.998749999999999,2.1877238634566476,-17.806716060352713,XLE,,,False
LIN,Linde,Materiales,US,bellwether,USD,1.0,481.70001220703125,477.68180114746093,484.8259580993652,True,False,-11.58965639578019,8.344284057617188,1.7322573896948281,454.19000244140625,465.0114440917969,465.0114440917969,3.4645147793896562,True,0,False,0.5,5000.0,103,49615.10125732422,4.961510125732422,6.909219544017386,-6.039970056357314,XLB,,,False
DOW,Dow,Materiales,US,rep,USD,1.0,28.59000015258789,29.567492256164552,31.53191249847412,False,False,-30.222418399756144,0.8046425410679409,2.814419506028253,26.604999542236328,26.98071507045201,26.98071507045201,5.6288390120565,True,0,False,0.5,5000.0,1748,49975.32026672363,4.9975320266723635,0.9290001352791344,2.364993000093152,XLB,,,False
BAS.DE,BASF,Materiales,EU,bellwether,EUR,1.1223344802856445,51.4900016784668,51.63169998168945,48.99875762939453,False,True,-4.648145039876306,1.0857137952532088,2.108591493224317,49.15999984741211,49.31857408796038,49.31857408796038,4.217182986448635,True,0,False,0.5,5000.0,865,49987.488696758286,4.998748869675829,-1.3913278876694357,10.771042728696035,EXH7.DE,,,False
AI.PA,Air Liquide,Materiales,EU,rep,EUR,1.1223344802856445,169.5,168.94120025634766,161.40146453857423,True,True,-5.990018230148064,3.1149989536830356,1.837757494798251,162.4600067138672,163.27000209263392,163.27000209263392,3.6755149895965094,True,0,False,0.5,5000.0,262,49841.75193500519,4.984175193500519,3.7078774401710146,1.5297904187045788,EXH7.DE,,,False
SHW,Sherwin-Williams,Materiales,US,rep,USD,1.0,321.0299987792969,337.3947424316406,331.84616958618165,False,False,-13.226067408167342,8.067858014787946,2.5131165453277386,311.1199951171875,304.89428274972096,311.1199951171875,3.0869400678415566,True,0,False,0.5,5000.0,155,49759.649810791016,4.975964981079102,3.805727177083218,-0.920400106502739,XLB,,,False
FCX,Freeport-McMoRan,Materiales,US,rep,USD,1.0,71.13999938964844,71.35980010986329,63.92593433380127,False,True,-10.97485154617679,2.5028577532087053,3.5182144710179677,67.01000213623047,66.13428388323102,67.01000213623047,5.805450223294384,True,0,False,0.5,5000.0,702,49940.2795715332,4.99402795715332,-2.9930657376151975,18.655647154075695,XLB,,,False
RIO.L,Rio Tinto,Materiales,EU,bellwether,GBP,1.3238544464111328,71.22,73.37622646484374,71.3735626953125,False,False,-14.257548037938683,1.5797956194196436,2.218190984863302,68.46,68.06040876116072,68.46,3.875315922493689,True,0,False,0.5,5000.0,530,49971.00424690246,4.997100424690246,-1.222403299850705,12.381989763713662,EXH7.DE,,,False
GLEN.L,Glencore,Materiales,EU,rep,GBP,1.3238544464111328,5.822999877929687,5.744353356933593,5.384685554504395,True,True,-7.424485247540746,0.15498705182756695,2.661635841948036,5.314000244140625,5.513025774274554,5.513025774274554,5.32327168389607,True,0,False,0.5,5000.0,6486,49999.30455909867,4.999930455909867,-0.8244690351628892,19.772144706430772,EXH7.DE,,,False
NUE,Nucor,Materiales,US,rep,USD,1.0,246.13999938964844,254.84050598144532,215.41678283691405,False,True,-10.196959495683211,6.671710643834929,2.710534923368295,229.1999969482422,232.79657810197858,232.79657810197858,5.421069846736589,True,0,False,0.5,5000.0,203,49966.41987609863,4.9966419876098636,-0.65274546293691,11.25027572509535,XLB,,,False
MT.AS,ArcelorMittal,Materiales,EU,rep,EUR,1.1223344802856445,57.060001373291016,62.63791641235352,54.18015535354614,False,True,-15.516729938075835,2.11428587777274,3.705372987885008,53.18000030517578,52.831429617745535,53.18000030517578,6.799861504965558,True,0,False,0.5,5000.0,780,49951.51744938477,4.995151744938477,-9.704088657634356,3.951474636562124,EXH7.DE,,,False
VMC,Vulcan Materials,Materiales,US,rep,USD,1.0,246.25999450683594,262.036982421875,282.32788543701173,False,False,-25.030607629972568,6.712854657854352,2.7259217118467087,237.02999877929688,232.83428519112724,237.02999877929688,3.748069492985734,True,0,False,0.5,5000.0,203,49990.778884887695,4.999077888488769,2.2314592765570795,-13.699960913025256,XLB,,,False
HOLN.SW,Holcim,Materiales,EU,rep,CHF,1.2028917074203491,63.959999084472656,69.61440040588379,71.5985918045044,False,False,-20.2217573002764,1.7771407536097936,2.778519041663376,62.13999938964844,60.40571757725307,62.13999938964844,2.8455280188802465,True,0,False,0.5,5000.0,649,49932.08217595611,4.993208217595611,-7.251057600413835,-7.519083341018673,EXH7.DE,,,False
SW,Smurfit Westrock,Materiales,US,rep,USD,1.0,41.45000076293945,45.98938636779785,42.726632308959964,False,False,-18.39161038216034,1.2614282880510603,3.0432527498983943,40.349998474121094,38.92714418683733,40.349998474121094,2.653805231776676,True,0,False,0.5,5000.0,1206,49988.70092010498,4.998870092010498,1.9068492426178585,-2.6929816672507827,XLB,,,False
RTX,RTX,Industriales,US,rep,USD,1.0,184.32000732421875,203.7104833984375,193.92674949645996,False,False,-18.25801461971822,3.461431230817522,1.8779465566800175,179.02000427246094,177.3971448625837,179.02000427246094,2.875435569202811,True,0,False,0.5,5000.0,271,49950.72198486328,4.995072198486328,-4.987153210115592,1.5699888804431854,XLI,,,False
LMT,Lockheed Martin,Industriales,US,rep,USD,1.0,507.8900146484375,548.7196484375,557.7431896972656,False,False,-23.98745874870847,10.0914306640625,1.9869322831731213,497.0,487.7071533203125,497.0,2.1441678974483462,True,0,False,0.5,5000.0,98,49773.221435546875,4.977322143554687,-1.449558202176504,4.8535308754417255,XLI,,,False
AIR.PA,Airbus,Industriales,EU,bellwether,EUR,1.1223344802856445,187.86000061035156,200.08779998779298,188.10428115844726,False,False,-13.110236915113827,4.477857317243304,2.3836140225140414,183.83999633789062,178.90428597586495,183.83999633789062,2.1398936758224547,True,0,False,0.5,5000.0,237,49969.49620790071,4.996949620790071,-2.3283232058182057,-2.8919465132133615,EXH4.DE,,,False
RHM.DE,Rheinmetall,Industriales,EU,rep,EUR,1.1223344802856445,926.5,1067.6940014648437,1319.882448425293,False,False,-51.262449609830576,30.207144601004465,3.260350199784616,909.0,866.085710797991,909.0,1.8888289260658393,True,0,False,0.5,5000.0,48,49912.45900726318,4.991245900726319,-7.127912207860131,-4.217772312506319,EXH4.DE,,,False
CAT,Caterpillar,Industriales,US,bellwether,USD,1.0,796.1799926757812,822.1688012695313,798.5485061645508,False,False,-25.095601405132218,26.036424909319198,3.270168196743635,772.8599853515625,744.1071428571429,772.8599853515625,2.928986854573608,True,0,False,0.5,5000.0,62,49363.15954589844,4.936315954589843,-0.6663986859091975,-9.065517419180203,XLI,,,False
DE,Deere,Industriales,US,rep,USD,1.0,652.5800170898438,651.1018078613281,588.8097041320801,True,True,-7.800466142736118,18.59642548832598,2.8496774343866744,638.1500244140625,615.3871661131918,638.1500244140625,2.2112219647992384,True,0,False,0.5,5000.0,76,49596.081298828125,4.959608129882812,-1.697146929458293,18.646992637351833,XLI,,,False
SIE.DE,Siemens,Industriales,EU,bellwether,EUR,1.1223344802856445,271.04998779296875,275.6420001220703,257.4137823486328,False,True,-6.486119687654146,6.592851911272321,2.4323380218367765,257.6499938964844,257.8642839704241,257.8642839704241,4.864676043673563,True,0,False,0.5,5000.0,164,49890.23453769251,4.989023453769251,6.734460807208842,0.5538594642712003,EXH4.DE,,,False
ATCO-A.ST,Atlas Copco,Industriales,EU,rep,SEK,0.10043942183256149,210.3000030517578,205.045,187.42990135192872,True,True,-1.4526667916543112,5.035716465541294,2.3945394162937474,190.8000030517578,200.22857012067522,200.22857012067522,4.789078832587499,True,0,False,0.5,5000.0,2367,49996.74616927988,4.999674616927988,6.0842800896366285,12.237311468556356,EXH4.DE,,,False
ETN,Eaton,Industriales,US,rep,USD,1.0,424.510009765625,425.4563287353516,389.89998641967776,False,True,-7.707188092013729,13.115005493164062,3.089445523417681,387.0,398.2799987792969,398.2799987792969,6.178891046835362,True,0,False,0.5,5000.0,117,49667.671142578125,4.966767114257813,3.9472534416165717,11.670004545158207,XLI,,,False
SU.PA,Schneider Electric,Industriales,EU,rep,EUR,1.1223344802856445,265.1499938964844,291.2939999389648,266.09761627197264,False,False,-14.742767235857112,9.939288548060826,3.7485531875747142,250.6999969482422,245.27141680036272,250.6999969482422,5.449744401609726,True,0,False,0.5,5000.0,168,49994.61274038884,4.999461274038884,-6.024790489731856,-1.6792602984431526,EXH4.DE,,,False
ABBN.SW,ABB,Industriales,EU,rep,CHF,1.2028917074203491,79.0,80.1715998840332,74.97858205795288,False,True,-10.794938823556976,1.8142852783203125,2.2965636434434336,74.81999969482422,75.37142944335938,75.37142944335938,4.593127286886867,True,0,False,0.5,5000.0,526,49984.96201014519,4.998496201014518,3.181198574768873,-6.348958555746864,EXH4.DE,,,False
HON,Honeywell,Industriales,US,rep,USD,1.0,206.60000610351562,218.66657135009766,229.02404861450196,False,False,-19.904022575908087,3.9107164655412947,1.8928927153960755,196.97999572753906,198.77857317243303,198.77857317243303,3.7857854307921555,True,0,False,0.5,5000.0,242,49997.20147705078,4.999720147705078,2.524802238670465,-1.2968000505810924,XLI,,,False
PWR,Quanta Services,Industriales,US,rep,USD,1.0,685.3300170898438,650.8165112304688,610.8977363586425,True,True,-12.695217905320689,22.393322988389247,3.2675240292960317,607.3460383017438,640.5433711130653,640.5433711130653,6.535048058592059,True,0,False,0.5,5000.0,72,49343.76123046875,4.934376123046875,11.035115983353183,11.265799945427846,XLI,,,False
DG.PA,Vinci,Industriales,EU,rep,EUR,1.1223344802856445,107.0,114.94100006103515,122.37689990997315,False,False,-22.598237465340944,2.1017842973981584,1.9642843900917368,104.25,102.79643140520368,104.25,2.570093457943925,True,0,False,0.5,5000.0,416,49957.35238647461,4.995735238647462,-1.494186398380326,-9.153495066618156,EXH4.DE,,,False
FER.MC,Ferrovial,Industriales,EU,rep,EUR,1.1223344802856445,44.63999938964844,50.84879989624024,56.09014875411987,False,False,-28.636749466259403,1.0249998910086495,2.2961467406434073,44.20000076293945,42.589999607631135,44.20000076293945,0.9856600195451966,True,0,False,0.5,5000.0,997,49950.70748338777,4.995070748338777,-5.147145873562685,-19.053949665518644,EXH4.DE,,,False
FDX,FedEx,Industriales,US,bellwether,USD,1.0,291.7300109863281,310.80591735839846,298.2269631958008,False,False,-13.695221290646787,6.017852783203125,2.0628158079646974,279.2300109863281,279.6943054199219,279.6943054199219,4.125631615929395,True,0,False,0.5,5000.0,171,49885.83187866211,4.988583187866211,-3.566724176475356,0.2509157687871184,XLI,2026-10-12,3.0,True
UPS,UPS,Industriales,US,rep,USD,1.0,94.12999725341797,100.24307083129882,102.36002716064453,False,False,-18.764180935502573,1.997856685093471,2.122444219046151,91.55999755859375,90.13428388323102,91.55999755859375,2.730266407960507,True,0,False,0.5,5000.0,531,49983.02854156494,4.998302854156495,-3.420134797338969,-7.789112311883917,XLI,,,False
UNP,Union Pacific,Industriales,US,rep,USD,1.0,278.20001220703125,288.2160028076172,263.5734348297119,False,True,-10.021556786933273,4.516424996512277,1.6234452905599577,268.260009765625,269.1671622140067,269.1671622140067,3.246890581119922,True,0,False,0.5,5000.0,179,49797.802185058594,4.9797802185058595,-0.5869413117459144,4.580266521781584,XLI,,,False
MAERSK-B.CO,Maersk,Industriales,EU,bellwether,DKK,0.15012264251708984,24350.0,21640.5,17159.15779296875,True,True,-0.8146639511201648,787.8571428571429,3.2355529480786154,22340.0,22774.285714285714,22774.285714285714,6.4711058961572325,True,0,False,0.5,5000.0,13,47521.32248878479,4.752132248878479,8.281584339867843,44.635770421534346,EXH4.DE,,,False
DHL.DE,DHL Group,Industriales,EU,rep,EUR,1.1223344802856445,55.68000030517578,55.95639991760254,50.41083724975586,False,True,-5.01535087048569,1.1028575897216797,1.9807068672360668,54.599998474121094,53.47428512573242,54.599998474121094,1.9396584503148702,True,0,False,0.5,5000.0,800,49993.26736385119,4.999326736385119,3.0639599233074244,-1.4596024875030977,EXH4.DE,,,False
DAL,Delta Air Lines,Industriales,US,rep,USD,1.0,82.13999938964844,83.77419998168945,75.79834774017334,False,True,-12.083267903629002,2.466428484235491,3.0027130540085185,76.88999938964844,77.20714242117745,77.20714242117745,6.0054261080170415,True,0,False,0.5,5000.0,608,49941.11962890625,4.994111962890625,6.014644377790446,1.1754982008112203,XLI,2026-10-09,0.0,True
RYAAY,Ryanair,Industriales,EU,rep,USD,1.0,54.040000915527344,55.72296157836914,60.68840564727783,False,False,-25.688925305269873,1.3964276994977678,2.584063056698675,51.68000030517578,51.24714551653181,51.68000030517578,4.3671365106758575,True,0,False,0.5,5000.0,925,49987.00084686279,4.998700084686279,2.169571530893599,-14.449030520821914,EXH4.DE,,,False
IAG.L,IAG,Industriales,EU,rep,GBP,1.3238544464111328,4.26,4.310300024414063,4.1802582183837895,False,True,-12.704918032786882,0.10419782366071427,2.4459583018947013,4.037999877929687,4.051604352678571,4.051604352678571,4.891916603789408,True,0,False,0.5,5000.0,8865,49995.23078327179,4.999523078327179,5.03985916364339,-6.219893795125531,EXH4.DE,,,False
ADP,ADP,Industriales,US,rep,USD,1.0,270.7300109863281,270.59270935058595,235.1696700286865,True,True,-5.223797122317686,5.915718078613281,2.185098747294782,255.9600067138672,258.89857482910156,258.89857482910156,4.370197494589564,True,0,False,0.5,5000.0,184,49814.322021484375,4.981432202148437,4.440692238864163,19.80815177721027,XLI,,,False
RAND.AS,Randstad,Industriales,EU,rep,EUR,1.1223344802856445,35.650001525878906,37.64659996032715,29.447764101028444,False,True,-11.822900675776026,0.9882142203194755,2.771989279164869,34.119998931884766,33.67357308523996,34.119998931884766,4.291732197777011,True,0,False,0.5,5000.0,1249,49974.02119247744,4.997402119247744,-4.318805732213637,20.065104129705503,EXH4.DE,,,False
FAST,Fastenal,Industriales,US,rep,USD,1.0,50.4900016784668,50.11000007629394,46.082714099884036,True,True,-3.608246183864472,0.9557149069649833,1.8928795309836182,48.529998779296875,48.57857186453683,48.57857186453683,3.78575906196723,True,0,False,0.5,5000.0,990,49985.10166168213,4.998510166168213,5.194205303908306,16.38301927561976,XLI,2026-10-14,5.0,True
TSLA,Tesla,Consumo discrecional,US,bellwether,USD,1.0,375.0,353.26799743652344,391.13469924926756,True,False,-23.45064173629494,11.066428048270089,2.9510474795386905,345.8800048828125,352.8671439034598,352.8671439034598,5.902094959077385,True,-2,False,0.5,5000.0,133,49875.0,4.987500000000001,2.4029389008838997,-3.5271808075062143,XLY,,,False
GM,General Motors,Consumo discrecional,US,rep,USD,1.0,82.25,84.84924697875977,80.38303512573242,False,True,-8.726366851753763,2.445713588169643,2.9735119613004777,76.44000244140625,77.35857282366071,77.35857282366071,5.9470239226009625,True,-2,False,0.5,5000.0,607,49925.75,4.9925749999999995,-1.3546477254298694,10.377341588915268,XLY,,,False
VOW3.DE,Volkswagen,Consumo discrecional,EU,bellwether,EUR,1.1223344802856445,66.9800033569336,74.83999984741212,82.3911999130249,False,False,-34.20926634948857,2.1385726928710938,3.192852471915731,66.5999984741211,62.702857971191406,66.5999984741211,0.567340793919448,True,-2,False,0.5,5000.0,665,49990.688225994636,4.9990688225994635,-21.84180746952531,-8.51538831894796,EXH6.DE,,,False
MBG.DE,Mercedes-Benz,Consumo discrecional,EU,rep,EUR,1.1223344802856445,39.150001525878906,44.699300079345704,48.956977672576905,False,False,-32.34498714395371,1.0657144274030412,2.722131253809999,38.88999938964844,37.018572671072825,38.88999938964844,0.6641178188935761,True,-2,False,0.5,5000.0,1137,49959.09395208443,4.995909395208444,-20.79416370901994,-14.910625339854356,EXH6.DE,,,False
STLAM.MI,Stellantis,Consumo discrecional,EU,rep,EUR,1.1223344802856445,4.050000190734863,4.444990024566651,6.01231249332428,False,False,-61.11004068729756,0.15882148061479842,3.921517855187573,3.812000036239624,3.7323572295052663,3.812000036239624,5.876546747817676,True,-2,False,0.5,5000.0,10999,49995.45799661769,4.999545799661769,-15.270306321303728,-20.682273584222763,EXH6.DE,,,False
APTV,Aptiv,Consumo discrecional,US,rep,USD,1.0,44.209999084472656,46.58579978942871,62.651849880218506,False,False,-50.14097214681548,1.312857219151088,2.969593409496783,42.560001373291016,41.58428464617048,42.560001373291016,3.732182188081405,True,-2,False,0.5,5000.0,1130,49957.2989654541,4.99572989654541,-0.2258795551756343,-22.50311301290726,XLY,,,False
ML.PA,Michelin,Consumo discrecional,EU,rep,EUR,1.1223344802856445,33.380001068115234,34.08860008239746,31.77406065940857,False,True,-5.089556991818734,0.5814285278320312,1.7418469419625486,32.7400016784668,32.21714401245117,32.7400016784668,1.9173138680926183,True,-2,False,0.5,5000.0,1334,49976.34388505697,4.9976343885056975,-4.767477464071601,-4.039027241934456,EXH6.DE,,,False
MC.PA,LVMH,Consumo discrecional,EU,bellwether,EUR,1.1223344802856445,384.6000061035156,429.41600036621094,484.38163162231444,False,False,-40.05959618308948,7.7375030517578125,2.0118312347803897,376.0,369.125,376.0,2.236090995069023,True,-2,False,0.5,5000.0,115,49639.732516325166,4.963973251632517,-9.737270565840085,-22.06290717407807,EXH6.DE,,,False
RMS.PA,Hermès,Consumo discrecional,EU,rep,EUR,1.1223344802856445,1291.0,1461.25,1709.0988214111328,False,False,-42.04404618119565,32.107142857142854,2.4869978975323668,1255.0,1226.7857142857142,1255.0,2.78853601859024,True,-2,False,0.5,5000.0,34,49263.74967765808,4.926374967765808,-12.72455204657822,-23.19437487463648,EXH6.DE,,,False
CFR.SW,Richemont,Consumo discrecional,EU,rep,CHF,1.2028917074203491,171.25,179.22319946289062,163.83512729644775,False,True,-12.500972597769266,4.053571428571429,2.367049009384776,164.13670003925859,163.14285714285714,164.13670003925859,4.153751801892797,True,-2,False,0.5,5000.0,242,49850.83958476782,4.985083958476782,-2.7315096141276918,-5.8718946547761774,EXH6.DE,,,False
NKE,Nike,Consumo discrecional,US,rep,USD,1.0,34.7400016784668,38.10202697753906,47.31020212173462,False,False,-48.49965062781808,1.1621430260794503,3.34525898080135,31.969999313354492,32.41571562630789,32.41571562630789,6.690517961602708,True,-2,False,0.5,5000.0,1439,49990.86241531372,4.999086241531372,-6.539818915932716,-16.366323636950153,XLY,,,False
ITX.MC,Inditex,Consumo discrecional,EU,bellwether,EUR,1.1223344802856445,54.13999938964844,55.72480003356934,54.09189746856689,False,True,-8.39255365910806,1.089999062674386,2.01329714621828,51.540000915527344,51.96000126429966,51.96000126429966,4.026594292436564,True,-2,False,0.5,5000.0,822,49947.34059982517,4.994734059982517,-5.155978739950506,-0.9166511719494341,EXH6.DE,,,False
ADS.DE,adidas,Consumo discrecional,EU,rep,EUR,1.1223344802856445,149.64999389648438,150.49999938964845,153.96230392456056,False,False,-21.776070922240365,3.496427263532366,2.3364032115837627,138.35000610351562,142.65713936941964,142.65713936941964,4.672806423167528,True,-2,False,0.5,5000.0,297,49883.33239299452,4.988333239299452,0.520537165924928,-18.835805689978802,EXH6.DE,,,False
MCD,McDonald's,Consumo discrecional,US,bellwether,USD,1.0,236.89999389648438,255.43732543945313,284.79612243652343,False,False,-29.178499537268156,4.818570818219866,2.0340105286475376,229.1999969482422,227.26285226004464,229.1999969482422,3.2503153848145607,True,-2,False,0.5,5000.0,211,49985.8987121582,4.99858987121582,-6.092826211405744,-8.608901744335462,XLY,,,False
SBUX,Starbucks,Consumo discrecional,US,rep,USD,1.0,93.20999908447266,101.43097213745118,98.06674617767334,False,False,-14.084246548224577,2.297858101981027,2.465248497533581,87.3499984741211,88.6142828805106,88.6142828805106,4.930496995067164,True,-2,False,0.5,5000.0,536,49960.559509277344,4.996055950927734,-6.379146262665625,-7.062290955434248,XLY,,,False
BKNG,Booking,Consumo discrecional,US,rep,USD,1.0,159.97000122070312,186.63911560058594,180.7320127105713,False,False,-26.65560695811585,5.656426565987723,3.535929563558492,154.05999755859375,148.65714808872767,154.05999755859375,3.6944449690636807,True,-2,False,0.5,5000.0,312,49910.640380859375,4.991064038085938,-7.09016631772511,-5.6021647486008685,XLY,,,False
IHG.L,InterContinental Hotels,Consumo discrecional,EU,rep,GBP,1.3238544464111328,1.5935000610351562,1.579452474975586,1.4904526454925537,True,True,-7.48470194731804,0.03326188223702572,2.087347409037337,1.5005000305175782,1.5269762965611047,1.5269762965611047,4.174694818074679,True,-2,False,0.5,5000.0,23701,49998.73230758109,4.999873230758109,0.24486491818880296,-4.038723657122334,EXH6.DE,,,False
HD,Home Depot,Consumo discrecional,US,bellwether,USD,1.0,295.4700012207031,317.28957397460937,333.46374450683595,False,False,-22.80148187944464,6.673570905412946,2.258628922679728,277.1499938964844,282.1228594098772,282.1228594098772,4.517257845359465,True,-2,False,0.5,5000.0,169,49934.43020629883,4.993443020629883,-4.377132415605178,-8.791205588125573,XLY,,,False
AMZN,Amazon,Consumo discrecional,US,bellwether,USD,1.0,254.05999755859375,258.5569998168945,241.98154998779296,False,True,-10.54855031827916,5.425715855189732,2.1356041515108655,244.3000030517578,243.20856584821428,244.3000030517578,3.841610092350329,True,-2,False,0.5,5000.0,196,49795.759521484375,4.979575952148438,1.1058122767198864,8.061210916881844,XLY,,,False
ZAL.DE,Zalando,Consumo discrecional,EU,rep,EUR,1.1223344802856445,23.90999984741211,23.14159999847412,23.270250005722048,True,True,-20.93253958868001,0.6771432331630162,2.8320503449785948,21.299999237060547,22.555713381086075,22.555713381086075,5.664100689957197,True,-2,False,0.5,5000.0,1863,49993.637141174826,4.999363714117483,3.0143459560197483,-15.536317853401705,EXH6.DE,,,False
WMT,Walmart,Consumo básico,US,bellwether,USD,1.0,110.55999755859375,108.41495361328126,117.75115398406983,True,False,-17.418268629117684,2.3100013732910156,2.0893645299393016,103.38999938964844,105.93999481201172,105.93999481201172,4.178729059878603,True,-1,False,0.5,5000.0,452,49973.118896484375,4.997311889648437,3.3633108384609534,-2.5200721409600946,XLP,,,False
COST,Costco,Consumo básico,US,rep,USD,1.0,947.9199829101562,931.5719970703125,961.0682601928711,True,False,-13.240451110833785,15.943581717354911,1.6819543848424223,883.0999755859375,916.0328194754464,916.0328194754464,3.3639087696848424,True,-1,False,0.5,5000.0,52,49291.839111328125,4.929183911132813,3.9149340911966313,3.8009154136347867,XLP,,,False
AD.AS,Ahold Delhaize,Consumo básico,EU,rep,EUR,1.1223344802856445,32.29999923706055,31.782922706604005,35.3015842628479,True,False,-21.48469186970128,0.6117856161934989,1.8940731598889482,30.93000030517578,31.07642800467355,31.07642800467355,3.7881463197778977,True,-1,False,0.5,5000.0,1379,49990.68453973827,4.999068453973827,6.411280967895583,-7.206886084688103,EXH5.DE,,,False
TSCO.L,Tesco,Consumo básico,EU,rep,GBP,1.3238544464111328,5.115020141601563,4.708240405273438,4.649524781799316,True,True,0.0,0.1139706856863838,2.2281571241418114,4.62,4.887078770228795,4.887078770228795,4.456314248283623,True,-1,False,0.5,5000.0,7383,49994.2957520838,4.999429575208381,11.591950663653527,11.347994528574734,EXH5.DE,,,False
KO,Coca-Cola,Consumo básico,US,rep,USD,1.0,87.7699966430664,87.65460906982422,79.47660205841065,True,True,-4.018115782419718,1.2899998256138392,1.4697503417481852,85.12999725341797,85.18999699183873,85.18999699183873,2.9395006834963726,True,-1,False,0.5,5000.0,569,49941.128089904785,4.9941128089904785,-0.2566249228333817,5.933609899903569,XLP,,,False
DGE.L,Diageo,Consumo básico,EU,rep,GBP,1.3238544464111328,16.48,16.638,15.890065545654297,False,True,-12.047808556259742,0.31683637346540244,1.9225508098628787,15.755,15.846327253069196,15.846327253069196,3.8451016197257526,True,-1,False,0.5,5000.0,2291,49983.02484527588,4.9983024845275885,4.854994412681912,8.5347274936159,EXH5.DE,,,False
HEIA.AS,Heineken,Consumo básico,EU,rep,EUR,1.1223344802856445,71.0999984741211,72.41850799560547,70.64352458953857,False,True,-10.391452935897016,1.179999760219029,1.6596340162349288,68.76000213623047,68.73999895368304,68.76000213623047,3.2911341604913456,True,-1,False,0.5,5000.0,626,49953.53537718752,4.995353537718753,2.100136861845825,-3.3284633911081496,EXH5.DE,,,False
ABI.BR,AB InBev,Consumo básico,EU,rep,EUR,1.1223344802856445,68.76000213623047,68.39000015258789,65.98963081359864,True,True,-8.563823235849554,1.4785706656319755,2.150335398045165,64.30000305175781,65.80286080496651,65.80286080496651,4.300670796090336,True,-1,False,0.5,5000.0,647,49930.1036565179,4.99301036565179,4.428553585609696,0.60074883825596,EXH5.DE,,,False
MDLZ,Mondelez,Consumo básico,US,rep,USD,1.0,60.66999816894531,61.24444160461426,58.7099973487854,False,True,-5.821608710023584,1.1159250500959763,1.8393358888663627,57.31999969482422,58.43814806875336,58.43814806875336,3.678671777732731,True,-1,False,0.5,5000.0,824,49992.07849121094,4.999207849121094,-3.0501490327106695,4.2196113685556424,XLP,,,False
NESN.SW,Nestlé,Consumo básico,EU,bellwether,CHF,1.2028917074203491,76.12000274658203,78.33439956665039,77.71308666229248,False,False,-11.662986695971856,1.066429683140346,1.4009848195758652,74.44999694824219,73.98714338030133,74.44999694824219,2.193911899740218,True,-1,False,0.5,5000.0,546,49994.00955968204,4.999400955968204,-0.06818224412087348,-7.245343010002925,EXH5.DE,,,False
BN.PA,Danone,Consumo básico,EU,rep,EUR,1.1223344802856445,59.060001373291016,63.26560012817383,66.62001926422118,False,False,-23.215383719616533,1.0728569030761719,1.8165541451567846,57.2599983215332,56.91428756713867,57.2599983215332,3.0477531491759096,True,-1,False,0.5,5000.0,754,49978.947264009366,4.997894726400936,-2.3560759953867194,-15.646017267398673,EXH5.DE,,,False
PM,Philip Morris,Consumo básico,US,rep,USD,1.0,200.5,188.25002899169922,175.78274208068848,True,True,0.0,4.513040681741619,2.250893108100558,184.11000061035156,191.47391863651677,191.47391863651677,4.501786216201112,True,-1,False,0.5,5000.0,249,49924.5,4.99245,7.783742224050538,11.521964622121693,XLP,,,False
BATS.L,BAT,Consumo básico,EU,rep,GBP,1.3238544464111328,41.59,41.79043974609375,43.759616113281254,False,False,-16.15944449836317,0.8688028266229816,2.0889704895960124,39.47,39.85239434675404,39.85239434675404,4.1779409791920274,True,-1,False,0.5,5000.0,908,49993.668635025024,4.999366863502503,3.6681053486450566,-3.0472891450243456,EXH5.DE,,,False
PG,Procter & Gamble,Consumo básico,US,bellwether,USD,1.0,150.58999633789062,145.76900054931642,146.32133277893067,True,True,-8.578602700586135,2.4707118443080356,1.6406878971988983,143.39999389648438,145.64857264927454,145.64857264927454,3.2813757943978046,True,-1,False,0.5,5000.0,332,49995.87878417969,4.999587878417969,4.467352406105718,3.3587839158008004,XLP,,,False
EL,Estée Lauder,Consumo básico,US,rep,USD,1.0,94.31999969482422,94.4794532775879,91.32528369903565,False,True,-20.32070586045466,3.101428440638951,3.2881981029195666,88.68000030517578,88.11714281354632,88.68000030517578,5.979643138143405,True,-1,False,0.5,5000.0,530,49989.599838256836,4.998959983825683,-5.611530843055901,14.6735058598646,XLP,,,False
ULVR.L,Unilever,Consumo básico,EU,rep,GBP,1.3238544464111328,46.6,46.60528251953126,46.40501370849609,False,True,-14.817556276163524,0.7555085100446425,1.6212628970915073,44.6325,45.08898297991072,45.08898297991072,3.242525794183013,True,-1,False,0.5,5000.0,810,49970.20993423462,4.997020993423462,4.231078953760403,3.6834736009335067,EXH5.DE,,,False
OR.PA,L'Oréal,Consumo básico,EU,rep,EUR,1.1223344802856445,378.3500061035156,382.1640008544922,373.15522521972656,False,True,-4.296005415966453,7.082140241350446,1.871848850826446,369.0,364.1857256208147,369.0,2.4712583461562008,True,-1,False,0.5,5000.0,117,49682.32512355238,4.968232512355238,2.761258899401353,1.8871707728010723,EXH5.DE,,,False
LLY,Eli Lilly,Salud,US,bellwether,USD,1.0,1169.5999755859375,1173.1121655273437,1073.6135571289062,False,True,-8.649264507136124,37.103567940848215,3.172329746523836,1113.2900390625,1095.3928397042412,1113.2900390625,4.814461157561821,True,0,False,0.5,5000.0,42,49123.198974609375,4.912319897460938,2.702660778794508,-6.407089112708208,XLV,,,False
JNJ,Johnson & Johnson,Salud,US,rep,USD,1.0,256.4800109863281,264.7585299682617,240.73333641052247,False,True,-7.883483197520624,5.077861240931919,1.9798272861126003,251.1699981689453,246.32428850446428,251.1699981689453,2.070341777108652,True,0,False,0.5,5000.0,194,49757.122131347656,4.9757122131347655,-5.303681898300605,-4.6535748538219845,XLV,2026-10-13,4.0,True
PFE,Pfizer,Salud,US,rep,USD,1.0,27.81999969482422,27.550799903869628,25.879273109436035,True,True,-4.135081819471232,0.5357141494750977,1.925643980415876,27.1200008392334,26.748571395874023,27.1200008392334,2.5161713273528603,True,0,False,0.5,5000.0,1797,49992.53945159912,4.9992539451599125,-1.19085764761806,12.163696009178793,XLV,,,False
NOVO-B.CO,Novo Nordisk,Salud,EU,bellwether,DKK,0.15012264251708984,254.14999389648438,281.33051727294924,287.6449085235596,False,False,-33.65802554727634,5.6821441650390625,2.2357443641542667,243.14999389648438,242.78570556640625,243.14999389648438,4.328152769690923,True,0,False,0.5,5000.0,1310,49981.30597006966,4.998130597006966,-12.13254037903393,-15.14487358072012,EXV4.DE,,,False
RO.SW,Roche,Salud,EU,rep,CHF,1.2028917074203491,365.0,366.6679998779297,344.9139126586914,False,True,-3.8461553921930847,7.700001307896206,2.109589399423618,353.79998779296875,349.5999973842076,353.79998779296875,3.0684964950770546,True,0,False,0.5,5000.0,113,49613.2684725523,4.96132684725523,2.613668584656903,13.693379602404033,EXV4.DE,,,False
NOVN.SW,Novartis,Salud,EU,rep,CHF,1.2028917074203491,118.66000366210938,121.53320022583007,119.44738357543946,False,False,-9.640574897968769,2.2871415274483815,1.9274746813266057,112.45999908447266,114.08572060721261,114.08572060721261,3.854949362653216,True,0,False,0.5,5000.0,350,49957.29704266687,4.995729704266687,4.9111022467079435,1.2750721617099665,EXV4.DE,,,False
AZN.L,AstraZeneca,Salud,EU,rep,GBP,1.3238544464111328,120.12,120.5965671875,135.1658544921875,False,False,-22.707545332691293,2.606590401785714,2.1699886794752867,116.92,114.90681919642857,116.92,2.6640026640026666,True,0,False,0.5,5000.0,314,49932.71837631226,4.993271837631226,1.2571688666464853,-0.3895136824832335,EXV4.DE,,,False
SAN.PA,Sanofi,Salud,EU,rep,EUR,1.1223344802856445,71.55000305175781,74.79559967041016,75.40523231506347,False,False,-16.463565029861094,1.6732134137834822,2.338523189961451,69.75,68.20357622419085,69.75,2.515727428349272,True,0,False,0.5,5000.0,622,49948.48807448821,4.994848807448822,-3.6487422959120885,-0.8853227537603319,EXV4.DE,,,False
AMGN,Amgen,Salud,US,rep,USD,1.0,407.44000244140625,410.5803253173828,362.7208534240723,False,True,-8.259027532886176,10.852857317243304,2.663670050120827,374.4599914550781,385.73428780691967,385.73428780691967,5.327340100241647,True,0,False,0.5,5000.0,122,49707.68029785156,4.970768029785156,2.797857085376809,7.825964753641902,XLV,,,False
VRTX,Vertex,Salud,US,rep,USD,1.0,503.25,519.8964013671875,474.65134979248046,False,True,-9.805365943464928,11.577146257672991,2.3004761565172362,496.1499938964844,480.09570748465404,496.1499938964844,1.4108308203707154,True,0,False,0.5,5000.0,99,49821.75,4.982175,-4.763994244268021,-1.2717272475070374,XLV,,,False
ARGX,argenx,Salud,EU,rep,USD,1.0,818.6300048828125,957.2899987792969,852.100073852539,False,False,-22.690529227648504,31.843427385602677,3.8898436651074237,787.72998046875,754.9431501116071,787.72998046875,3.7746019849939243,True,0,False,0.5,5000.0,61,49936.43029785156,4.993643029785156,-19.228729486711536,-2.375125572005965,EXV4.DE,,,False
GMAB.CO,Genmab,Salud,EU,rep,DKK,0.15012264251708984,2425.0,2168.9,1916.0375,True,True,-2.4929634097305975,79.85714285714286,3.2930780559646546,2088.0,2265.285714285714,2265.285714285714,6.58615611192931,True,0,False,0.5,5000.0,137,49874.49491024017,4.987449491024018,15.515564515104163,34.72280536966804,EXV4.DE,,,False
ABT,Abbott,Salud,US,rep,USD,1.0,98.48999786376953,106.29140014648438,102.64715927124024,False,False,-24.411923040845252,2.1721414838518416,2.2054437313079527,95.05999755859375,94.14571489606585,95.05999755859375,3.4825874500679004,True,0,False,0.5,5000.0,507,49934.42891693115,4.993442891693115,-7.739865151071634,0.6512907883167163,XLV,,,False
ISRG,Intuitive Surgical,Salud,US,rep,USD,1.0,415.4100036621094,384.6773992919922,444.1924496459961,True,False,-29.929995653361896,10.896427699497767,2.6230537549502104,363.55999755859375,393.61714826311385,393.61714826311385,5.24610750990042,True,0,False,0.5,5000.0,120,49849.200439453125,4.984920043945312,16.265093790686723,-2.829698454345775,XLV,,,False
SHL.DE,Siemens Healthineers,Salud,EU,rep,EUR,1.1223344802856445,38.720001220703125,38.783399963378905,38.04671070098877,False,True,-19.945952443071345,0.8428570883614677,2.176800262885328,36.900001525878906,37.03428704398019,37.03428704398019,4.353600525770647,True,0,False,0.5,5000.0,1150,49975.31131370197,4.997531131370197,-0.12221117407362758,17.26568025972354,EXV4.DE,,,False
PHIA.AS,Philips,Salud,EU,rep,EUR,1.1223344802856445,21.709999084472656,22.395999908447266,23.21476716041565,False,False,-18.22084389584411,0.3678572518484933,1.6944139445477489,21.100000381469727,20.97428458077567,21.100000381469727,2.8097592295119473,True,0,False,0.5,5000.0,2052,49998.78686699949,4.99987868669995,1.021819516467093,-1.3032611478093097,EXV4.DE,,,False
UNH,UnitedHealth,Salud,US,bellwether,USD,1.0,370.95001220703125,388.50685302734377,353.58634170532224,False,True,-14.464499673593622,8.047860281808036,2.1695268949921043,362.6000061035156,354.8542916434152,362.6000061035156,2.2509787919498425,True,0,False,0.5,5000.0,134,49707.30163574219,4.970730163574219,-6.378813061000321,-17.052842620529795,XLV,2026-10-13,4.0,True
HCA,HCA Healthcare,Salud,US,rep,USD,1.0,445.010009765625,419.1062902832031,443.77952453613284,True,True,-17.92994246800993,11.796425955636161,2.6508226100012955,408.98590433307527,421.4171578543527,421.4171578543527,5.301645220002587,True,0,False,0.5,5000.0,112,49841.12109375,4.984112109375,4.35477915236675,4.699888929400853,XLV,,,False
FRE.DE,Fresenius,Salud,EU,rep,EUR,1.1223344802856445,42.459999084472656,45.361000289916994,43.812901134490964,False,False,-16.26700922266734,1.257857186453683,2.962452222269767,41.42499923706055,39.94428471156529,41.42499923706055,2.4375880116083235,True,0,False,0.5,5000.0,1049,49989.38273466519,4.998938273466519,-5.924878044297432,7.856940587984151,EXV4.DE,,,False
TMO,Thermo Fisher,Salud,US,rep,USD,1.0,651.97998046875,624.4873156738281,543.6978506469727,True,True,-4.065567822479754,19.312848772321427,2.9621843232726546,605.1861579004441,613.3542829241071,613.3542829241071,5.9243686465453145,True,0,False,0.5,5000.0,76,49550.478515625,4.9550478515625,6.390189171716165,18.84721471532982,XLV,,,False
LONN.SW,Lonza,Salud,EU,rep,CHF,1.2028917074203491,572.2000122070312,567.1720007324219,529.8720265197754,True,True,-3.6375843768909677,13.399998256138392,2.341838163276735,527.0,545.4000156947544,545.4000156947544,4.683676326553478,True,0,False,0.5,5000.0,72,49557.21477621555,4.955721477621555,6.050210844512782,2.5950856347026314,EXV4.DE,,,False
SRT3.DE,Sartorius,Salud,EU,rep,EUR,1.1223344802856445,252.1999969482422,243.90599884033202,233.6838409423828,True,True,-4.937803033353083,9.871423993791852,3.9141253422844877,226.1999969482422,232.4571489606585,232.4571489606585,7.8282506845689745,True,0,False,0.5,5000.0,176,49817.28444051859,4.981728444051859,8.321711729154302,5.226460062943416,EXV4.DE,,,False
JPM,JPMorgan,Financiero,US,bellwether,USD,1.0,331.4200134277344,348.85996826171873,319.00002883911134,False,True,-8.791980996430947,5.854334601933045,1.7664396731459229,324.2523219854466,319.7113442238683,324.2523219854466,2.162721366207017,True,0,False,0.5,5000.0,150,49713.002014160156,4.971300201416016,-1.4764555367331784,1.3026292952340923,XLF,2026-10-13,4.0,True
BAC,Bank of America,Financiero,US,rep,USD,1.0,53.61000061035156,60.051247634887694,54.812719593048094,False,False,-16.859242361407322,1.0035711015973772,1.8719848725455852,52.2400016784668,51.60285840715681,52.2400016784668,2.5554913566261597,True,0,False,0.5,5000.0,932,49964.520568847656,4.996452056884766,-9.833343622742019,-7.385364693791552,XLF,2026-10-14,5.0,True
WFC,Wells Fargo,Financiero,US,rep,USD,1.0,82.02999877929688,85.73127105712891,83.85727493286133,False,False,-13.496818151720946,1.7642865862165178,2.1507821680740986,78.0,78.50142560686383,78.50142560686383,4.301564336148204,True,0,False,0.5,5000.0,609,49956.2692565918,4.995626925659179,-3.8967981162609693,-3.0333089655267376,XLF,2026-10-13,4.0,True
BNP.PA,BNP Paribas,Financiero,EU,bellwether,EUR,1.1223344802856445,90.25,100.63652252197265,91.08780044555664,False,False,-17.326104533703912,2.7234426427377727,3.0176649781027955,88.8499984741211,84.80311471452445,88.8499984741211,1.5512482281206716,True,0,False,0.5,5000.0,493,49936.30861496925,4.993630861496926,-2.052441352269197,-7.0163294344055664,EXV1.DE,,,False
SAN.MC,Santander,Financiero,EU,rep,EUR,1.1223344802856445,12.140000343322754,12.604159965515137,11.142520575523376,False,True,-6.269296958226533,0.3241428647722517,2.670039996749562,11.616000175476074,11.491714613778251,11.616000175476074,4.3163109804596544,True,0,False,0.5,5000.0,3669,49990.64224090984,4.999064224090984,3.1191454401488734,3.143731731840038,EXV1.DE,,,False
BBVA.MC,BBVA,Financiero,EU,rep,EUR,1.1223344802856445,23.360000610351562,24.74620002746582,21.11160385131836,False,True,-8.067686931801887,0.6071429933820452,2.5990709654048585,22.770000457763672,22.145714623587473,22.770000457763672,2.5256855187171645,True,0,False,0.5,5000.0,1907,49997.21901354483,4.999721901354484,0.7172890053679382,5.342220597475089,EXV1.DE,,,False
HSBA.L,HSBC,Financiero,EU,rep,GBP,1.3238544464111328,13.95800048828125,15.163745849609377,13.748991717529298,False,True,-12.616292976759357,0.32057364327566934,2.29670176286936,13.68,13.316853201729911,13.68,1.9916927823197317,True,0,False,0.5,5000.0,2705,49983.966530480815,4.998396653048082,-1.6215380870685205,-2.6814377419468123,EXV1.DE,,,False
UCG.MI,UniCredit,Financiero,EU,rep,EUR,1.1223344802856445,76.44000244140625,83.19140014648437,74.34576168060303,False,True,-11.271037623320101,2.1621426173618863,2.8285485979925746,75.02999877929688,72.11571720668248,75.02999877929688,1.8445887193556654,True,0,False,0.5,5000.0,582,49930.507740429486,4.993050774042949,-1.6927817245607777,-5.108703734824704,EXV1.DE,,,False
DBK.DE,Deutsche Bank,Financiero,EU,rep,EUR,1.1223344802856445,30.135000228881836,33.044799880981444,29.811095571517946,False,True,-15.706293066064791,0.8717858450753349,2.892934589195066,29.280000686645508,28.391428538731166,29.280000686645508,2.837230913364599,True,0,False,0.5,5000.0,1478,49988.25063438843,4.998825063438843,-6.426971334094045,-2.324007515498927,EXV1.DE,,,False
GS,Goldman Sachs,Financiero,US,rep,USD,1.0,882.5900268554688,990.1956762695313,952.5917846679688,False,False,-23.015734005127896,19.60642351422991,2.2214644305561158,868.52001953125,843.377179827009,868.52001953125,1.5941724805511346,True,0,False,0.5,5000.0,56,49425.04150390625,4.942504150390626,-9.586704279680701,-13.634698728101103,XLF,2026-10-13,4.0,True
MS,Morgan Stanley,Financiero,US,rep,USD,1.0,187.44000244140625,207.70940093994142,192.8387075805664,False,False,-17.535852808085362,4.234284537179129,2.259007939622049,182.47000122070312,178.97143336704798,182.47000122070312,2.651515768229222,True,0,False,0.5,5000.0,266,49859.04064941406,4.985904064941407,-8.336967783557581,-12.89762831208878,XLF,2026-10-14,5.0,True
BLK,BlackRock,Financiero,US,rep,USD,1.0,1065.3499755859375,1106.217138671875,1051.3826678466796,False,True,-9.518855813086468,22.480015345982142,2.110106149260316,1017.4600219726562,1020.3899448939732,1020.3899448939732,4.220212298520637,True,0,False,0.5,5000.0,46,49006.098876953125,4.900609887695313,4.000208856710919,5.661861813544644,XLF,2026-10-14,5.0,True
UBSG.SW,UBS,Financiero,EU,rep,CHF,1.2028917074203491,39.66999816894531,42.45820007324219,37.20779480934143,False,True,-11.844448513454864,1.072143282209124,2.7026552349287103,38.540000915527344,37.52571160452707,38.540000915527344,2.8484933339436336,True,0,False,0.5,5000.0,1047,49961.49128685257,4.996149128685257,-2.6483098416591364,-7.628569974853427,EXV1.DE,,,False
DB1.DE,Deutsche Börse,Financiero,EU,rep,EUR,1.1223344802856445,297.6000061035156,281.1659997558594,248.73884239196778,True,True,0.0,4.728570120675223,1.5889012176399158,274.8999938964844,288.1428658621652,288.1428658621652,3.1778024352798258,True,0,False,0.5,5000.0,149,49767.00547929588,4.976700547929588,13.489746430848026,18.54787970722525,EXV1.DE,,,False
CB,Chubb,Financiero,US,rep,USD,1.0,343.7799987792969,340.15882080078126,328.68837661743163,True,True,-5.13933381354601,5.138569423130581,1.4947261159394813,325.0,333.5028599330357,333.5028599330357,2.98945223187896,True,0,False,0.5,5000.0,145,49848.09982299805,4.984809982299804,6.755470435857347,1.446307413075154,XLF,,,False
PGR,Progressive,Financiero,US,rep,USD,1.0,218.72999572753906,214.03784423828125,208.2471996307373,True,True,-6.671969367689035,4.678612264864826,2.1389897847813875,200.8630714456475,209.3727711978094,209.3727711978094,4.277979569562774,True,0,False,0.5,5000.0,228,49870.439025878906,4.9870439025878905,6.171155773863258,-2.838924814651822,XLF,2026-10-14,5.0,True
ALV.DE,Allianz,Financiero,EU,bellwether,EUR,1.1223344802856445,417.79998779296875,436.53200073242186,390.34952590942385,False,True,-7.8314584063508885,7.792857578822544,1.8652124955743457,408.5,402.21427263532365,408.5,2.225942571730554,True,0,False,0.5,5000.0,106,49704.60120927484,4.970460120927484,2.152603239099326,1.0818970493396751,EXV1.DE,,,False
CS.PA,AXA,Financiero,EU,rep,EUR,1.1223344802856445,41.65999984741211,43.75459983825684,40.432498607635495,False,True,-8.580205998676371,0.8064289093017578,1.9357391076703343,41.369998931884766,40.047142028808594,41.369998931884766,0.6961135779873471,True,0,False,0.5,5000.0,1069,49982.64962258903,4.9982649622589035,4.041393218671618,-4.138599586188818,EXV1.DE,,,False
MUV2.DE,Munich Re,Financiero,EU,rep,EUR,1.1223344802856445,523.4000244140625,513.3519958496094,503.2389224243164,True,True,-3.6892813522202417,8.614279610770089,1.645830953182249,492.20001220703125,506.1714651925223,506.1714651925223,3.291661906364501,True,0,False,0.5,5000.0,85,49931.54102249129,4.993154102249129,12.190441421901987,4.06856222912011,EXV1.DE,,,False
AXP,American Express,Financiero,US,rep,USD,1.0,308.1000061035156,325.2785986328125,329.8090043640137,False,False,-19.29939989854693,5.388573782784598,1.7489690607062636,297.20001220703125,297.32285853794644,297.32285853794644,3.4979381214125222,True,0,False,0.5,5000.0,162,49912.20098876953,4.991220098876953,0.3660335963534216,-9.804959633491883,XLF,,,False
COF,Capital One,Financiero,US,rep,USD,1.0,199.39999389648438,210.0103140258789,203.54928688049316,False,False,-21.791091689968567,4.302857535226004,2.157902541090232,189.77999877929688,190.79427882603235,190.79427882603235,4.3158050821804705,True,0,False,0.5,5000.0,250,49849.998474121094,4.9849998474121096,-0.8115581341882612,1.6095102343582246,XLF,,,False
V,Visa,Financiero,US,bellwether,USD,1.0,375.1000061035156,369.2377233886719,337.0660153198242,True,True,-2.3533108242303924,6.3414306640625,1.6905973236141372,356.75,362.4171447753906,362.4171447753906,3.3811946472282743,True,0,False,0.5,5000.0,133,49888.30081176758,4.988830081176758,6.721915663019685,9.999534153392142,XLF,,,False
MA,Mastercard,Financiero,US,rep,USD,1.0,574.760009765625,571.8729968261719,531.2316618347168,True,True,-4.184305704476532,9.947867257254464,1.730786256564891,545.4099731445312,554.864275251116,554.864275251116,3.4615725131297856,True,0,False,0.5,5000.0,86,49429.36083984375,4.942936083984375,5.9026276152759465,11.42855442851576,XLF,,,False
ADYEN.AS,Adyen,Financiero,EU,rep,EUR,1.1223344802856445,881.4000244140625,956.1699975585938,980.7134982299805,False,False,-42.074129958193964,24.164293561662948,2.7415807683607563,843.5,833.0714372907366,843.5,4.299979959639518,True,0,False,0.5,5000.0,50,49461.28191622556,4.946128191622556,2.998633869970579,8.355593077251555,EXV1.DE,,,False
MSFT,Microsoft,Tecnología de la información,US,bellwether,USD,1.0,522.6099853515625,498.49214904785157,432.4385276794434,True,True,-2.7967039316828424,12.428573608398438,2.3781737733230774,487.2300109863281,497.7528381347656,497.7528381347656,4.756347546646155,True,-1,True,0.5,5000.0,95,49647.94860839844,4.964794860839844,0.8993758387840112,29.379585881506003,XLK,,,False
ORCL,Oracle,Tecnología de la información,US,rep,USD,1.0,135.69000244140625,145.4702001953125,161.38111194610596,False,False,-56.23041030083478,5.865001133510044,4.32235317855689,131.5800018310547,123.96000017438617,131.5800018310547,3.028963472917871,True,-1,True,0.5,5000.0,368,49933.9208984375,4.993392089843749,-21.446786947023455,-10.103113399732322,XLK,,,False
CRM,Salesforce,Tecnología de la información,US,rep,USD,1.0,227.8000030517578,223.798798828125,199.0771054840088,True,True,-13.848188250447379,7.85857173374721,3.44976805463944,220.2899932861328,212.0828595842634,220.2899932861328,3.2967557791992967,True,-1,True,0.5,5000.0,219,49888.20066833496,4.9888200668334965,-11.934171228047909,33.14266295933655,XLK,,,False
ADBE,Adobe,Tecnología de la información,US,rep,USD,1.0,241.0500030517578,257.99139892578125,257.5546499633789,False,False,-33.02492273094462,8.196429661342076,3.400302658192522,224.6699981689453,224.65714372907365,224.6699981689453,6.795272630341106,True,-1,True,0.5,5000.0,207,49897.35063171387,4.989735063171387,-10.816445371917915,1.2013434447085691,XLK,,,False
SAP.DE,SAP,Tecnología de la información,EU,bellwether,EUR,1.1223344802856445,191.63999938964844,182.87120025634766,164.01101036071776,True,True,-19.465887529552685,5.301430838448661,2.766348807834019,178.8800048828125,181.0371377127511,181.0371377127511,5.532697615668044,True,-1,True,0.5,5000.0,232,49899.52955512598,4.989952955512598,1.3313600063672437,33.51361553194305,EXV3.DE,,,False
ACN,Accenture,Tecnología de la información,US,rep,USD,1.0,208.36000061035156,183.1839987182617,192.0948392868042,True,True,-26.30014569330399,10.504287719726562,5.041412789861884,172.11000061035156,187.35142517089844,187.35142517089844,10.082825579723767,False,-1,True,0.5,5000.0,0,0.0,0.0,13.123259816597233,47.49475141588135,XLK,,,False
CAP.PA,Capgemini,Tecnología de la información,EU,rep,EUR,1.1223344802856445,115.5,107.41900009155273,105.15652694702149,True,True,-21.491459480046128,4.367856161934989,3.7816936466969597,100.94999694824219,106.76428767613002,106.76428767613002,7.563387293393918,True,-1,True,0.5,5000.0,385,49907.4085021019,4.990740850210189,7.352564064136536,21.4779419767438,EXV3.DE,,,False
AMS.MC,Amadeus,Tecnología de la información,EU,rep,EUR,1.1223344802856445,52.63999938964844,55.48879981994629,52.634461364746095,False,True,-21.444742805973483,1.427142824445452,2.7111376158680143,51.13999938964844,49.78571374075754,51.13999938964844,2.849544105988292,True,-1,True,0.5,5000.0,846,49981.414658206195,4.998141465820619,-10.870463785540775,-0.783188300397919,EXV3.DE,,,False
NVDA,Nvidia,Tecnología de la información,US,bellwether,USD,1.0,230.47999572753906,221.25115234375,201.5988013458252,True,True,-3.6615990488577776,5.351427350725446,2.3218619619602965,208.92999267578125,219.77714102608817,219.77714102608817,4.643723923920592,True,-1,True,0.5,5000.0,216,49783.67907714844,4.978367907714844,-2.237818410209358,2.7916932149547815,XLK,,,False
AVGO,Broadcom,Tecnología de la información,US,rep,USD,1.0,360.1400146484375,371.90002807617185,366.9957579040527,False,False,-24.960682638293687,10.591419764927455,2.9409172361106877,335.1996267813441,338.9571751185826,338.9571751185826,5.8818344722213745,True,-1,True,0.5,5000.0,138,49699.322021484375,4.969932202148438,-6.381423640709194,-16.377775590188314,XLK,,,False
AMD,AMD,Tecnología de la información,US,rep,USD,1.0,620.6799926757812,526.4668005371094,383.35330032348634,True,True,-4.425485970663612,24.713570731026785,3.981692824427189,480.3299865722656,571.2528512137277,571.2528512137277,7.963385648854376,True,-1,True,0.5,5000.0,80,49654.3994140625,4.96543994140625,13.711794954950761,4.671411666251645,XLK,,,False
INTC,Intel,Tecnología de la información,US,rep,USD,1.0,107.08000183105469,102.80920013427735,82.69105003356934,True,True,-24.02440756621128,6.370001111711774,5.948824246157591,94.5199966430664,94.33999960763114,94.5199966430664,11.729552645885093,False,-1,True,0.5,5000.0,0,0.0,0.0,-4.607118716296221,-9.096231875792727,XLK,,,False
TSM,TSMC,Tecnología de la información,US,bellwether,USD,1.0,457.989990234375,430.73072143554685,389.26131912231443,True,True,-5.724577656935925,10.957855224609375,2.392597099993763,411.44620381558593,436.07427978515625,436.07427978515625,4.785194199987526,True,-1,True,0.5,5000.0,109,49920.908935546875,4.992090893554687,0.0824303526530068,-0.7995530728225342,XLK,2026-10-15,6.0,False
IFX.DE,Infineon,Tecnología de la información,EU,rep,EUR,1.1223344802856445,59.810001373291016,58.515200271606446,56.18961133956909,True,True,-32.03408934853294,2.671428952898298,4.466525483296949,53.25,54.46714346749442,54.46714346749442,8.933050966593902,False,-1,True,0.5,5000.0,0,0.0,0.0,0.7458444708037248,-23.378431840463243,EXV3.DE,,,False
STMPA.PA,STMicroelectronics,Tecnología de la información,EU,rep,EUR,1.1223344802856445,47.7400016784668,45.48141143798828,42.41846122741699,True,True,-31.057670409879677,1.8103572300502233,3.7921180695449954,41.14460877202214,44.11928721836635,44.11928721836635,7.5842361390899855,True,-1,True,0.5,5000.0,933,49990.3732244711,4.99903732244711,3.1815517522746584,-28.691468958776056,EXV3.DE,,,False
AMAT,Applied Materials,Tecnología de la información,US,rep,USD,1.0,509.57000732421875,489.66951843261717,432.4046917724609,True,True,-29.44469013255242,17.5,3.434268059043251,411.510009765625,474.57000732421875,474.57000732421875,6.868536118086502,True,-1,True,0.5,5000.0,98,49937.86071777344,4.993786071777344,3.2872955463908893,-21.91712057107307,XLK,,,False
ASML.AS,ASML,Tecnología de la información,EU,bellwether,EUR,1.1223344802856445,1626.5999755859375,1514.4120043945313,1357.9369979858398,True,True,-5.393352113460049,46.11430140904018,2.835011809982893,1365.4000244140625,1534.371372767857,1534.371372767857,5.670023619965788,True,-1,True,0.5,5000.0,27,49290.9094322609,4.9290909432260905,3.8972729521666194,-1.97945755307396,EXV3.DE,2026-10-14,5.0,True
AAPL,Apple,Tecnología de la información,US,bellwether,USD,1.0,340.4200134277344,322.28662658691405,290.0702967071533,True,True,-0.19057492084506578,6.235002790178571,1.831561760249493,325.80999755859375,327.9500078473772,327.9500078473772,3.6631235204989925,True,-1,True,0.5,5000.0,146,49701.32196044922,4.970132196044922,2.5555406205853615,1.4697831838004891,XLK,,,False
DELL,Dell,Tecnología de la información,US,rep,USD,1.0,574.5499877929688,502.0292016601563,301.4998307800293,True,True,-2.3538470507178944,24.999280657087052,4.351106289831687,517.52001953125,524.5514264787946,524.5514264787946,8.70221257966338,False,-1,True,0.5,5000.0,0,0.0,0.0,1.9445759839110899,25.724349663395095,XLK,,,False
CSCO,Cisco,Tecnología de la información,US,rep,USD,1.0,114.88999938964844,111.83226104736327,97.73828872680664,True,True,-10.948571101467286,2.6554613861570777,2.3113076858422668,104.10641399313707,109.57907661733428,109.57907661733428,4.622615371684535,True,-1,True,0.5,5000.0,435,49977.14973449707,4.997714973449707,-0.001279184283009549,-11.50856141340989,XLK,,,False
NOKIA.HE,Nokia,Tecnología de la información,EU,rep,EUR,1.1223344802856445,9.168000221252441,8.952920017242432,8.683353462219237,True,True,-37.26373592954996,0.3758572169712612,4.0996641350420395,8.461999893188477,8.416285787309919,8.461999893188477,7.700701472796409,True,-1,True,0.5,5000.0,4859,49996.98546822566,4.999698546822566,-7.21975531107879,-16.993582494100757,EXV3.DE,,,False
ERIC-B.ST,Ericsson,Tecnología de la información,EU,rep,SEK,0.10043942183256149,94.76000213623047,95.18279739379882,100.56860908508301,False,False,-24.396649693974137,2.3477529316251102,2.4775779640125952,90.9000015258789,90.06449627298025,90.9000015258789,4.073449264809305,True,-1,True,0.5,5000.0,5253,49996.16201341247,4.999616201341247,-7.426890590187241,-8.94867995785036,EXV3.DE,2026-10-15,6.0,False
GOOGL,Alphabet,Servicios de comunicación,US,bellwether,USD,1.0,348.2900085449219,345.7745422363281,339.45599060058595,True,True,-13.386804457289669,8.814285278320312,2.530731592084549,335.0299987792969,330.66143798828125,335.0299987792969,3.807174894572017,True,-1,False,0.5,5000.0,143,49805.47122192383,4.980547122192383,3.8828607112453506,-3.1422732703975664,XLC,,,False
META,Meta,Servicios de comunicación,US,bellwether,USD,1.0,720.8900146484375,635.7985278320313,628.8865405273438,True,True,-7.291761757326409,27.430363246372767,3.805069107490685,645.6904688887529,666.0292881556919,666.0292881556919,7.610138214981377,True,-1,False,0.5,5000.0,69,49741.41101074219,4.974141101074219,8.915049914935992,7.0915374491486105,XLC,,,False
NFLX,Netflix,Servicios de comunicación,US,rep,USD,1.0,71.56999969482422,75.38360015869141,83.56899986267089,False,False,-42.34502882895141,1.5478581019810267,2.16271916806081,66.54000091552734,68.47428349086216,68.47428349086216,4.325438336121623,True,-1,False,0.5,5000.0,698,49955.859786987305,4.995585978698731,-7.318194509981046,-3.169334932808865,XLC,,,False
DIS,Disney,Servicios de comunicación,US,rep,USD,1.0,107.0199966430664,104.90780014038086,103.21148609161376,True,True,-6.938182564121076,2.027856009347098,1.894838416142371,101.1500015258789,102.96428462437221,102.96428462437221,3.7896768322847407,True,-1,False,0.5,5000.0,467,49978.33843231201,4.997833843231201,1.273957407016768,11.206173214400451,XLC,,,False
UMG.AS,Universal Music,Servicios de comunicación,EU,rep,EUR,1.1223344802856445,14.84000015258789,14.408041305541992,17.62777865409851,True,False,-35.799024859739426,0.29837046901855857,2.0105826546539953,13.833114195630976,14.243259214550774,14.243259214550774,4.021165309307989,True,-1,False,0.5,5000.0,3002,49999.642463798235,4.9999642463798235,13.991427765927577,-8.867684580858427,EXV2.DE,,,False
VZ,Verizon,Servicios de comunicación,US,rep,USD,1.0,46.349998474121094,48.21460021972656,45.708015575408936,False,True,-9.912540744784593,0.797142573765346,1.7198330097258148,45.290000915527344,44.7557133265904,45.290000915527344,2.286941949276623,True,-1,False,0.5,5000.0,1078,49965.29835510254,4.996529835510254,-8.267536636996642,9.326722140506893,XLC,,,False
TMUS,T-Mobile US,Servicios de comunicación,US,rep,USD,1.0,171.30999755859375,174.90965057373046,188.87101913452148,False,False,-23.97369308508981,3.648571559361049,2.1298065561603403,160.80999755859375,164.01285443987166,164.01285443987166,4.259613112320677,True,-1,False,0.5,5000.0,291,49851.20928955078,4.985120928955078,-4.852337628134928,-8.87724100957784,XLC,,,False
DTE.DE,Deutsche Telekom,Servicios de comunicación,EU,rep,EUR,1.1223344802856445,24.81999969482422,27.906399993896486,28.345607204437258,False,False,-24.83191656018725,0.6621426173618862,2.667778507265512,24.610000610351562,23.495714460100448,24.610000610351562,0.8460881831374395,True,-1,False,0.5,5000.0,1794,49974.27657597563,4.997427657597562,-4.645577354085983,2.1290987037498432,EXV2.DE,,,False
TEF.MC,Telefónica,Servicios de comunicación,EU,rep,EUR,1.1223344802856445,3.2920000553131104,3.575860004425049,3.573263374567032,False,False,-22.757038529822317,0.08121427467891149,2.467019237980754,3.265000104904175,3.1295715059552873,3.265000104904175,0.8201685891638758,True,-1,False,0.5,5000.0,13532,49997.021016409824,4.999702101640983,-2.856174553835734,-0.14925357362390912,EXV2.DE,,,False
NEE,NextEra,Utilities,US,rep,USD,1.0,77.37000274658203,81.84141784667969,86.28184833526612,False,False,-19.776484154752836,1.3792860848563058,1.7827142767126738,74.41000366210938,74.61143057686942,74.61143057686942,3.5654285534253427,True,-1,False,0.5,5000.0,646,49981.02177429199,4.9981021774292,-2.7367446993728954,-2.485760970495864,XLU,,,False
DUK,Duke Energy,Utilities,US,rep,USD,1.0,116.83999633789062,119.51351669311524,122.40110397338867,False,False,-10.920279085729579,1.4828567504882812,1.2691345403674907,112.4000015258789,113.87428283691406,113.87428283691406,2.5382690807349815,True,-1,False,0.5,5000.0,427,49890.6784362793,4.98906784362793,0.6706503695580901,2.8254632635906667,XLU,,,False
IBE.MC,Iberdrola,Utilities,EU,bellwether,EUR,1.1223344802856445,21.309999465942383,20.32569999694824,19.718874082565307,True,True,-0.47372310604292256,0.33714280809674946,1.5820873606100776,19.635000228881836,20.635713849748885,20.635713849748885,3.1641747212201476,True,-1,False,0.5,5000.0,2090,49986.41959678623,4.998641959678624,12.359516360890332,-7.859693206542984,EXV6.DE,,,False
ENEL.MI,Enel,Utilities,EU,rep,EUR,1.1223344802856445,8.842000007629395,9.204480018615723,9.337657589912414,False,False,-11.967340736431431,0.16414288112095424,1.8563999205985318,8.598999977111816,8.513714245387487,8.598999977111816,2.748247345712548,True,-1,False,0.5,5000.0,5038,49995.50731260545,4.999550731260545,4.897274688189779,-19.920520925705876,EXV6.DE,,,False
EOAN.DE,E.ON,Utilities,EU,rep,EUR,1.1223344802856445,16.989999771118164,17.640300064086915,18.016963024139404,False,False,-13.769215243153088,0.31964261191231863,1.881357364440282,16.56999969482422,16.350714547293528,16.56999969482422,2.472042860223675,True,-1,False,0.5,5000.0,2622,49997.50884063469,4.999750884063469,2.6148840069807893,-20.881958677412015,EXV6.DE,,,False
RWE.DE,RWE,Utilities,EU,rep,EUR,1.1223344802856445,57.68000030517578,58.41959991455078,55.59508195877075,False,True,-5.1003595531117885,1.135713849748884,1.9689907138349532,56.41999816894531,55.40857260567801,56.41999816894531,2.184469711449369,True,-1,False,0.5,5000.0,772,49976.387443677435,4.997638744367743,1.7617609853830434,-7.771428398125901,EXV6.DE,,,False
ORSTED.CO,Ørsted,Utilities,EU,rep,DKK,0.15012264251708984,129.89999389648438,137.17500061035156,146.71100021362304,False,False,-23.745236723062526,3.646430424281529,2.807105924259952,126.6500015258789,122.60713304792132,126.6500015258789,2.501918801624691,True,-1,False,0.5,5000.0,2563,49980.88447857692,4.9980884478576915,1.7124163827824113,-21.790862470559027,EXV6.DE,,,False
AWK,American Water Works,Utilities,US,rep,USD,1.0,128.17999267578125,134.98620071411133,130.5894460296631,False,False,-9.456862149959822,2.5128582545689175,1.9604137916632174,126.33999633789062,123.15427616664341,126.33999633789062,1.435478579363564,True,-1,False,0.5,5000.0,390,49990.19714355469,4.999019714355469,-5.006530852139502,7.624141208760117,XLU,,,False
VIE.PA,Veolia,Utilities,EU,rep,EUR,1.1223344802856445,31.059999465942383,32.54959987640381,33.02270926475525,False,False,-17.217486441913355,0.525714465550014,1.692577187988897,30.059999465942383,30.008570534842356,30.059999465942383,3.2195750714564904,True,-1,False,0.5,5000.0,1434,49988.82178577472,4.998882178577472,4.707310242546736,-25.27414857742555,EXV6.DE,,,False
PLD,Prologis,Inmobiliario,US,bellwether,USD,1.0,129.2899932861328,136.4797686767578,136.04834045410155,False,False,-13.157080735334326,2.08142580304827,1.609889327197851,126.62000274658203,125.12714168003627,126.62000274658203,2.065117702993303,True,-2,True,0.5,5000.0,386,49905.937408447266,4.9905937408447265,1.166266685070183,-0.16623140332892028,XLRE,2026-10-15,6.0,False
SGRO.L,Segro,Inmobiliario,EU,rep,GBP,1.3238544464111328,9.204000244140625,9.459479162597654,8.072526480102539,False,True,-7.710437207644494,0.15437783377511152,1.6772906310317655,8.987999877929688,8.895244576590402,8.987999877929688,2.3468096532096987,True,-2,True,0.5,5000.0,4103,49994.05652664027,4.999405652664027,3.926119285761642,15.864540600730004,EXI5.DE,,,False
AMT,American Tower,Inmobiliario,US,rep,USD,1.0,166.72999572753906,170.8090447998047,173.14865783691405,False,False,-12.352461784407664,3.619800989210958,2.1710556480348244,160.3000030517578,159.49039374911715,160.3000030517578,3.8565302228453167,True,-2,True,0.5,5000.0,299,49852.26872253418,4.985226872253418,1.1734918862859933,7.291421311443857,XLRE,,,False
EQIX,Equinix,Inmobiliario,US,rep,USD,1.0,1011.1599731445312,1041.2159289550782,985.906654663086,False,True,-8.9564410169936,26.147853306361608,2.585926460780122,987.7899780273438,958.8642665318081,987.7899780273438,2.3112065091452236,True,-2,True,0.5,5000.0,49,49546.83868408203,4.954683868408203,2.0468500963904623,3.97514784324996,XLRE,,,False
SPG,Simon Property,Inmobiliario,US,rep,USD,1.0,199.61000061035156,211.00286437988282,200.48103858947755,False,False,-14.7644895548124,2.6500015258789062,1.3275895585270991,196.75999450683594,194.30999755859375,196.75999450683594,1.4277872325039342,True,-2,True,0.5,5000.0,250,49902.50015258789,4.9902500152587885,2.6996531198948293,-0.45330433453093466,XLRE,,,False
O,Realty Income,Inmobiliario,US,rep,USD,1.0,54.16999816894531,59.294439697265624,60.416569557189945,False,False,-17.29611359281542,0.7797056713804328,1.439368096245246,53.150001525878906,52.610586826184445,53.150001525878906,1.882954915164003,True,-2,True,0.5,5000.0,923,49998.90830993652,4.999890830993652,-4.3299727621759825,-5.9448934896279,XLRE,,,False
VNA.DE,Vonovia,Inmobiliario,EU,rep,EUR,1.1223344802856445,16.395000457763672,18.831299819946288,21.347450437545778,False,False,-39.45960968688278,0.4303575243268694,2.6249314566080315,16.184999465942383,15.534285409109932,16.184999465942383,1.2808843303316007,True,-2,True,0.5,5000.0,2717,49994.63212213396,4.999463212213396,-3.4032145883485576,-13.245603339518107,EXI5.DE,,,False
URW.PA,Unibail-Rodamco-Westfield,Inmobiliario,EU,rep,EUR,1.1223344802856445,87.18000030517578,96.7516000366211,96.48100284576417,False,False,-17.6770547223538,1.7985703604561942,2.0630538588670033,85.9800033569336,83.58285958426339,85.9800033569336,1.3764589860536454,True,-2,True,0.5,5000.0,511,49998.856490577826,4.9998856490577825,-1.0439312374923686,-6.008561163807057,EXI5.DE,,,False
FN,Fabrinet,Extra,US,rep,USD,1.0,487.3299865722656,450.31699829101564,532.4521505737305,True,False,-34.71539302334785,21.050003051757812,4.319455734669086,373.70001220703125,445.22998046875,445.22998046875,8.638911469338172,False,0,False,0.5,5000.0,0,0.0,0.0,,,,,,False
DDOG,Datadog,Extra,US,rep,USD,1.0,273.79998779296875,246.38200042724608,187.55517532348634,True,True,-4.980047339050353,11.236498151506696,4.103907469858278,218.27000427246094,251.32699148995536,251.32699148995536,8.207814939716554,False,0,False,0.5,5000.0,0,0.0,0.0,,,,,,False
