date,id,value,chg,pct,obs_date
2026-10-07,DFF,3.88,0.25,70.2,2026-10-05
2026-10-07,DGS2,4.84,0.47,94.9,2026-10-05
2026-10-07,DGS10,5.31,0.53,100.0,2026-10-05
2026-10-07,T10Y2Y,0.48,0.07,55.7,2026-10-06
2026-10-07,DFII10,2.95,0.52,100.0,2026-10-05
2026-10-07,T10YIE,2.36,0.01,78.2,2026-10-06
2026-10-07,WALCL,-0.0693,-0.0864,43.9,2026-09-30
2026-10-07,ECBDFR,2.5,0.25,77.6,2026-10-06
2026-10-07,CPIAUCSL,3.713,0.1732,71.0,2026-08-01
2026-10-07,CPILFESL,2.7635,-0.0233,42.1,2026-08-01
2026-10-07,PCEPILFE,3.0076,0.0241,61.1,2026-08-01
2026-10-07,PPIFIS,5.4136,0.6094,75.9,2026-08-01
2026-10-07,CES0500000003,3.0245,-0.0885,12.8,2026-09-01
2026-10-07,CP0000EZ19M086NEST,3.2264,0.2947,75.9,2026-08-01
2026-10-07,PAYEMS,29.0,-104.0,11.7,2026-09-01
2026-10-07,UNRATE,4.2,0.1,55.0,2026-09-01
2026-10-07,ICSA,197000.0,-7000.0,1.1,2026-09-26
2026-10-07,JTSJOL,7079.0,-256.0,35.8,2026-08-01
2026-10-07,GDPC1,2.2202,-0.2716,28.2,2026-04-01
2026-10-07,RSAFS,1.1274,1.5859,83.2,2026-08-01
2026-10-07,INDPRO,1.4204,0.2904,65.7,2026-08-01
2026-10-07,DGORDER,-0.0714,-0.9414,38.7,2026-08-01
2026-10-07,UMCSENT,51.7,-3.5,5.0,2026-08-01
2026-10-07,PERMIT,1403.0,-30.0,38.3,2026-08-01
2026-10-07,HOUST,1275.0,-34.0,28.3,2026-08-01
2026-10-07,MORTGAGE30US,7.28,0.62,98.1,2026-10-01
2026-10-07,BAMLH0A0HYM2,3.12,0.44,57.4,2026-10-05
2026-10-07,BAMLC0A0CM,0.84,0.03,46.6,2026-10-05
2026-10-07,NFCI,-0.548,0.009,33.7,2026-09-25
2026-10-07,^GSPC,7818.9302,100.3301,100.0,2026-10-06
2026-10-07,^VIX,15.22,-0.08,35.0,2026-10-07
2026-10-07,DX-Y.NYB,102.133,2.973,73.7,2026-10-07
2026-10-07,CL=F,89.78,-1.7,90.7,2026-10-07
2026-10-07,HG=F,6.6305,0.0335,99.5,2026-10-07
2026-10-07,GC=F,4165.2998,-311.3003,92.5,2026-10-07
2026-10-07,^TNX,5.269,0.485,99.8,2026-10-06
