region,sector,etf,precio,sobre_ma200,sesgo_motor,momentum,conflicto,rel_1m,rel_3m,rel_6m
EU,Energía,EXH1.DE,56.880001068115234,True,1,1,False,2.324877869698072,13.215543973507915,2.695493777372926
EU,Utilities,EXV6.DE,83.97000122070312,True,-1,1,True,-5.235122171806307,9.818282352818086,0.9045911514594884
EU,Tecnología de la información,EXV3.DE,102.30000305175781,True,-1,1,True,7.121382231153051,8.285096371780531,21.015888461188712
EU,Consumo discrecional,EXH6.DE,34.064998626708984,True,-2,1,True,5.030661039794914,3.327503190228176,9.269232066562761
EU,Industriales,EXH4.DE,114.4800033569336,True,0,0,False,-1.0361900705346594,0.39725801442144215,-1.695411784748524
EU,Financiero,EXV1.DE,39.57500076293945,True,0,0,False,-6.409192066040381,-0.21297123621794034,7.447231472041094
EU,Consumo básico,EXH5.DE,52.5,True,-1,0,False,-1.3348379931252707,-0.37693841679055096,3.1714952319858547
EU,Salud,EXV4.DE,109.5,False,0,0,False,1.5839053122263969,-2.7174375591159534,-6.232685745566369
EU,Materiales,EXH7.DE,90.05000305175781,False,0,-1,False,-1.3961428551722443,-4.9534241312052085,-3.515758152514148
EU,Servicios de comunicación,EXV2.DE,25.969999313354492,False,-1,-1,False,-5.649187969823366,-7.1567144963552,-13.244525264440387
EU,Inmobiliario,EXI5.DE,12.781999588012695,False,-2,-1,False,-4.553441942849501,-7.350228167918106,-11.127538786642642
US,Energía,XLE,65.23999786376953,True,1,1,False,-1.2778147011530017,16.381299181560994,0.8943409511533496
US,Tecnología de la información,XLK,197.77999877929688,True,-1,1,True,3.633386235214231,3.8148557977682795,25.13677330584521
US,Salud,XLV,168.16000366210938,True,0,0,False,-0.4295563271400349,2.182604376567987,-0.8657582875082781
US,Servicios de comunicación,XLC,112.06999969482422,False,-1,0,False,-0.31230874656333896,-2.0526231131260175,-15.750985970283336
US,Consumo básico,XLP,83.41999816894531,True,-1,0,False,-0.6582817266402419,-2.948582903343233,-13.08527415797047
US,Financiero,XLF,54.22999954223633,True,0,-1,False,-6.387729622125649,-5.080733595192721,-8.009913977104354
US,Materiales,XLB,49.27000045776367,False,0,-1,False,-5.448499277170516,-5.506417835380917,-18.25279249530133
US,Consumo discrecional,XLY,111.70999908447266,False,-2,-1,False,-2.212523479389139,-7.2755943063184,-14.902428223826579
US,Industriales,XLI,168.39999389648438,False,0,-1,False,-3.4742821299278415,-9.951685777515085,-16.101890015811815
US,Inmobiliario,XLRE,40.849998474121094,False,-2,-1,False,-6.869566204213351,-10.094071298145991,-17.155181860100164
US,Utilities,XLU,41.06999969482422,False,-1,-1,False,-5.416037342571034,-11.660984038928458,-26.099186371458426
