date,series,value,threshold,distance,hit
2026-10-09,PCEPILFE,3.0076,2.8,-0.21,1
2026-10-09,DGS10,5.28,5.5,0.22,0
2026-10-09,JPY=X,158.34,150,8.34,0
2026-10-09,UNRATE,4.2,4.5,0.3,0
2026-10-09,CCSA,1716000.0,2000000,284000.0,0
2026-10-09,PSAVERT,4.1,3.5,0.6,0
2026-10-09,ICSA,197000.0,240000,43000.0,0
2026-10-09,DRCCLACBS,2.85,3.5,0.65,0
2026-10-09,BAMLH0A0HYM2,3.15,4.0,0.85,0
2026-10-09,CPIAUCSL,3.713,3.0,0.71,0
2026-10-09,^VIX,15.07,25,9.93,0
2026-10-09,T10Y2Y,0.47,0,0.47,0
2026-10-09,PAYEMS,29.0,0,29.0,0
